{"cameraMode":{"drawMode":0,"name":"Shaded","section":"Shading Mode"},"sceneLighting":false,"audioPlay":false,"sceneViewState":{"showFog":true,"showMaterialUpdate":false,"showSkybox":true,"showFlares":true,"showImageEffects":true,"showParticleSystems":true},"in2DMode":false,"pivot":{"x":0.6968981623649597,"y":-9.357263565063477,"z":3.7857537269592287},"rotation":{"x":-0.4733821153640747,"y":-0.044362857937812808,"z":0.023880038410425187,"w":-0.8794152140617371},"size":29.55715560913086,"orthographic":false}